{
    "Satellite 1": {
        "Satellite catalog number": 1291,
        "Satellite name": "SOLRAD 7B",
        "position_eci_km": [
            1303.0995125541988,
            -2283.3731058751223,
            6784.685664124168
        ],
        "covariance_position_eci": [
            [
                9.12800405143578,
                6.481861231289942,
                -7.826816404170052
            ],
            [
                6.481861231289944,
                9.019870609175005,
                -5.168181028562881
            ],
            [
                -7.82681640417005,
                -5.168181028562878,
                7.8328874529223915
            ]
        ],
        "covariance_rtn": [
            [
                7.673279689599086,
                -9.687160701158389,
                -2.28953788932873
            ],
            [
                -9.68716070115839,
                13.70580578972812,
                3.156747235697363
            ],
            [
                -2.289537889328731,
                3.156747235697365,
                4.601676634205967
            ]
        ]
    },
    "Satellite 2": {
        "Satellite catalog number": 4996,
        "Satellite name": "THORAD AGENA D DEB",
        "position_eci_km": [
            1272.2345349031443,
            -2262.245807296338,
            6809.8872307774645
        ],
        "position_rtn_km": [
            11.341427267110545,
            -28.73091271956708,
            32.86388951818048
        ],
        "covariance_position_eci": [
            [
                9.162600680990769,
                3.909690451251695,
                5.221770759228516
            ],
            [
                3.909690451251696,
                9.049872909214047,
                5.157281451163057
            ],
            [
                5.221770759228515,
                5.157281451163059,
                7.768288523328343
            ]
        ],
        "covariance_rtn": [
            [
                6.222253289706264,
                -4.846188793774121,
                3.991244033319725
            ],
            [
                -4.846188793774121,
                12.488794151038604,
                -4.366559498686917
            ],
            [
                3.991244033319726,
                -4.366559498686916,
                7.269714672788297
            ]
        ]
    },
    "time_utc": "2025-02-16 02:28:00",
    "Pc_percentage": 0.016951590916843343
}