{
    "Satellite 1": {
        "Satellite catalog number": 12,
        "position_eci_km": [
            -5712.600433366301,
            -1970.151792960192,
            3445.0176622646904
        ],
        "covariance_position_eci": [
            [
                55.60337239710518,
                -98.79760517556852,
                23.031120302298568
            ],
            [
                -98.79760517556831,
                176.79593486538926,
                -41.518089077052316
            ],
            [
                23.031120302298525,
                -41.51808907705236,
                9.824587579479898
            ]
        ]
    },
    "Satellite 2": {
        "Satellite catalog number": 12,
        "position_eci_km": [
            -5712.600433367301,
            -1970.151792961192,
            3445.0176622646804
        ],
        "covariance_position_eci": [
            [
                55.60337239714673,
                -98.7976051755868,
                23.031120302337996
            ],
            [
                -98.79760517558655,
                176.79593486532204,
                -41.518089077099305
            ],
            [
                23.03112030233795,
                -41.518089077099354,
                9.824587579505607
            ]
        ]
    },
    "time_utc": "2025-02-15 20:00:00",
    "Pc_percentage": 99.99996991664904
}