{
    "Satellite 1": {
        "Satellite catalog number": 1508,
        "Satellite name": "THOR ABLESTAR R/B",
        "position_eci_km": [
            -3773.9751705301665,
            6366.096522149483,
            -1203.2391505832743
        ],
        "covariance_position_eci": [
            [
                7.869287361924124,
                -2.787546693396703,
                -4.2637575209622485
            ],
            [
                -2.7875466933967026,
                8.16662730280253,
                7.190968556523218
            ],
            [
                -4.26375752096225,
                7.190968556523218,
                7.814513469539364
            ]
        ],
        "covariance_rtn": [
            [
                7.8164087029561315,
                -8.360986584214501,
                1.186818237364473
            ],
            [
                -8.360986584214501,
                10.533203820543378,
                -0.19155214091446063
            ],
            [
                1.1868182373644738,
                -0.1915521409144597,
                5.500815610766506
            ]
        ]
    },
    "Satellite 2": {
        "Satellite catalog number": 3038,
        "Satellite name": "SL-8 DEB",
        "position_eci_km": [
            -3825.650405213367,
            6366.068943004841,
            -1203.685745169961
        ],
        "position_rtn_km": [
            26.058491651468646,
            -3.8095003484389682,
            44.46316235765848
        ],
        "covariance_position_eci": [
            [
                9.191868535664634,
                6.513946159794788,
                5.236196286397175
            ],
            [
                6.513946159794789,
                9.020878148200456,
                7.748959746251335
            ],
            [
                5.236196286397176,
                7.748959746251333,
                7.768015429668073
            ]
        ],
        "covariance_rtn": [
            [
                2.182470863294684,
                -3.4041915436257333,
                0.41100165521654813
            ],
            [
                -3.4041915436257315,
                19.074338522102337,
                5.982299584811865
            ],
            [
                0.41100165521654813,
                5.982299584811865,
                4.723952728136143
            ]
        ]
    },
    "time_utc": "2025-02-16 00:56:00",
    "Pc_percentage": 99.99875339680166
}