{
    "Satellite 1": {
        "Satellite catalog number": 1515,
        "Satellite name": "NAVSPASUR ROD 1",
        "position_eci_km": [
            477.2355178937299,
            302.29477054133207,
            7461.549108436253
        ],
        "covariance_position_eci": [
            [
                9.120336512156614,
                3.8932121160752873,
                -3.4251583533870615
            ],
            [
                3.893212116075287,
                9.049358435558203,
                -1.4459217024263435
            ],
            [
                -3.4251583533870615,
                -1.4459217024263435,
                5.968701210448809
            ]
        ],
        "covariance_rtn": [
            [
                5.454473660115816,
                -3.109909499866152,
                0.7933658907546406
            ],
            [
                -3.109909499866152,
                13.192670818690733,
                1.4321654598446776
            ],
            [
                0.7933658907546408,
                1.4321654598446771,
                5.491251679357075
            ]
        ]
    },
    "Satellite 2": {
        "Satellite catalog number": 3810,
        "Satellite name": "THOR ABLESTAR DEB",
        "position_eci_km": [
            471.0128937379072,
            329.3032349311838,
            7455.576011807345
        ],
        "position_rtn_km": [
            -5.26182001026473,
            10.126757640369663,
            25.954154066229584
        ],
        "covariance_position_eci": [
            [
                9.098806657484197,
                3.883956884983387,
                -7.826643526778056
            ],
            [
                3.8839568849833865,
                9.049068736056274,
                -5.161831946716164
            ],
            [
                -7.826643526778054,
                -5.1618319467161635,
                7.8328867199927
            ]
        ],
        "covariance_rtn": [
            [
                6.425456658087241,
                -8.87372912420599,
                0.5873378445402383
            ],
            [
                -8.873729124205994,
                14.199279377842156,
                1.0561458029637305
            ],
            [
                0.5873378445402381,
                1.0561458029637305,
                5.3560260776037705
            ]
        ]
    },
    "time_utc": "2025-02-16 00:48:00",
    "Pc_percentage": 32.49050748367543
}