{
    "Satellite 1": {
        "Satellite catalog number": 155,
        "Satellite name": "THOR ABLESTAR DEB",
        "position_eci_km": [
            3300.2600763958653,
            251.2768864023544,
            -6264.36881328722
        ],
        "covariance_position_eci": [
            [
                9.05822877033915,
                -6.507267119563336,
                7.762071847821164
            ],
            [
                -6.507267119563333,
                9.165852258856157,
                -5.224029718364977
            ],
            [
                7.762071847821162,
                -5.224029718364978,
                7.756681084337848
            ]
        ],
        "covariance_rtn": [
            [
                1.7597640100283958,
                3.9706117060739263,
                -2.1929700519133037
            ],
            [
                3.970611706073928,
                19.002848090207472,
                -5.167985854771306
            ],
            [
                -2.1929700519133033,
                -5.167985854771308,
                5.218150013297293
            ]
        ]
    },
    "Satellite 2": {
        "Satellite catalog number": 465,
        "Satellite name": "THOR ABLESTAR DEB",
        "position_eci_km": [
            3273.5485891575704,
            249.50972542364624,
            -6318.12624642579
        ],
        "position_rtn_km": [
            35.02577471703527,
            26.893659958967966,
            -40.699068607732585
        ],
        "covariance_position_eci": [
            [
                9.074724081331967,
                -3.9094283287215847,
                5.16389505722548
            ],
            [
                -3.9094283287215847,
                9.136655781200206,
                -5.215779873733562
            ],
            [
                5.1638950572254805,
                -5.215779873733564,
                7.769382251000989
            ]
        ],
        "covariance_rtn": [
            [
                4.031991889859761,
                3.975322383815791,
                -0.5336153234230847
            ],
            [
                3.97532238381579,
                15.525639004742098,
                -4.108837639869
            ],
            [
                -0.533615323423084,
                -4.108837639869,
                6.423131218931305
            ]
        ]
    },
    "time_utc": "2025-02-16 01:24:00",
    "Pc_percentage": 0.0033581590945876293
}