{
    "Satellite 1": {
        "Satellite catalog number": 155,
        "Satellite name": "THOR ABLESTAR DEB",
        "position_eci_km": [
            -2858.8034035979736,
            -900.5089824453012,
            6471.594587590578
        ],
        "covariance_position_eci": [
            [
                9.068289189890615,
                -3.906229733370412,
                3.8460792130187937
            ],
            [
                -3.906229733370413,
                9.136759288845447,
                -3.886319055785207
            ],
            [
                3.8460792130187933,
                -3.8863190557852065,
                6.4770851946864605
            ]
        ],
        "covariance_rtn": [
            [
                4.63311180935945,
                3.4034857113013803,
                0.2541053645912425
            ],
            [
                3.40348571130138,
                14.364949464235886,
                2.697497840949338
            ],
            [
                0.2541053645912427,
                2.697497840949337,
                5.6840723998271825
            ]
        ]
    },
    "Satellite 2": {
        "Satellite catalog number": 5705,
        "Satellite name": "COSMOS 468",
        "position_eci_km": [
            -2864.861639168516,
            -934.1802851569964,
            6480.196907808434
        ],
        "position_rtn_km": [
            14.485636773407052,
            24.248165552715065,
            -21.134132398997878
        ],
        "covariance_position_eci": [
            [
                9.175301912406203,
                3.909756004945635,
                7.819774678879914
            ],
            [
                3.909756004945633,
                9.049872104187008,
                5.142682514570414
            ],
            [
                7.819774678879913,
                5.1426825145704145,
                7.755588096939949
            ]
        ],
        "covariance_rtn": [
            [
                1.5115676960508748,
                -3.943836764657632,
                2.154638075397781
            ],
            [
                -3.9438367646576338,
                16.921668241601562,
                -4.7965888046290726
            ],
            [
                2.1546380753977816,
                -4.796588804629073,
                7.547526175880728
            ]
        ]
    },
    "time_utc": "2025-02-16 00:36:00",
    "Pc_percentage": 0.0051856653550951745
}