{
    "Satellite 1": {
        "Satellite catalog number": 1668,
        "Satellite name": "TITAN 3C TRANSTAGE DEB",
        "position_eci_km": [
            -2917.7594355724455,
            -6265.46269822913,
            -1204.407796593152
        ],
        "covariance_position_eci": [
            [
                9.04559797462229,
                -6.50098128324303,
                5.178665984316589
            ],
            [
                -6.50098128324303,
                9.166056459261071,
                -2.61140327073073
            ],
            [
                5.178665984316588,
                -2.61140327073073,
                7.7691076796498
            ]
        ],
        "covariance_rtn": [
            [
                4.213652978873789,
                2.509448381991619,
                -1.9889720975547645
            ],
            [
                2.50944838199162,
                18.04559208742813,
                0.3502593906544154
            ],
            [
                -1.9889720975547645,
                0.3502593906544152,
                3.7215170472312455
            ]
        ]
    },
    "Satellite 2": {
        "Satellite catalog number": 1646,
        "Satellite name": "TITAN 3C TRANSTAGE DEB",
        "position_eci_km": [
            -2927.894689209061,
            -6259.156053768866,
            -1233.5623511629292
        ],
        "position_rtn_km": [
            3.587979260235868,
            -24.92289349083945,
            -18.933065458642133
        ],
        "covariance_position_eci": [
            [
                8.965808375654358,
                -9.080093788769103,
                -5.169382563064606
            ],
            [
                -9.080093788769103,
                9.195866485932612,
                5.247425830732687
            ],
            [
                -5.1693825630646035,
                5.247425830732684,
                7.819087251946205
            ]
        ],
        "covariance_rtn": [
            [
                3.2454812443408683,
                7.766427536173007,
                0.7202922121706206
            ],
            [
                7.766427536173006,
                18.6187121735678,
                1.358645570705398
            ],
            [
                0.720292212170621,
                1.3586455707053984,
                4.116568695624503
            ]
        ]
    },
    "time_utc": "2025-02-16 02:52:00",
    "Pc_percentage": 2.1561918818446433e-06
}