{
    "Satellite 1": {
        "Satellite catalog number": 1833,
        "Satellite name": "TITAN 3C TRANSTAGE DEB",
        "position_eci_km": [
            -5733.989717054175,
            1765.7235536907713,
            -3684.939383585938
        ],
        "covariance_position_eci": [
            [
                9.128003431717026,
                6.481861268141045,
                -7.826816122152001
            ],
            [
                6.481861268141043,
                9.019871294715749,
                -5.1681814083639726
            ],
            [
                -7.826816122152001,
                -5.168181408363972,
                7.832887387100397
            ]
        ],
        "covariance_rtn": [
            [
                0.8038049552589231,
                0.9727118959152355,
                1.546940688813688
            ],
            [
                0.9727118959152354,
                14.583942083475996,
                8.768471208554306
            ],
            [
                1.546940688813689,
                8.768471208554304,
                10.593015074798249
            ]
        ]
    },
    "Satellite 2": {
        "Satellite catalog number": 3757,
        "Satellite name": "COSMOS 249 DEB",
        "position_eci_km": [
            -5761.247770605347,
            1775.7377333068068,
            -3709.018149428612
        ],
        "position_rtn_km": [
            37.311425818801645,
            -2.11038674138153,
            -5.14548466686672
        ],
        "covariance_position_eci": [
            [
                9.011501614891271,
                -3.8843506218262656,
                -7.767732337900216
            ],
            [
                -3.884350621826267,
                9.13747143772393,
                5.249325843467494
            ],
            [
                -7.767732337900218,
                5.249325843467492,
                7.831789060917957
            ]
        ],
        "covariance_rtn": [
            [
                2.275810714322299,
                -5.363403238231595,
                1.957165781656396
            ],
            [
                -5.363403238231596,
                17.469758563484742,
                -2.9628877165627956
            ],
            [
                1.9571657816563957,
                -2.962887716562794,
                6.235192835726121
            ]
        ]
    },
    "time_utc": "2025-02-16 00:28:00",
    "Pc_percentage": 70.88645513749476
}