{
    "Satellite 1": {
        "Satellite catalog number": 2011,
        "Satellite name": "SCOUT X-4 DEB",
        "position_eci_km": [
            -4195.598184044135,
            -6095.779874806865,
            -952.8248892188752
        ],
        "covariance_position_eci": [
            [
                8.96580945067384,
                -9.080093793308231,
                -5.169382901229317
            ],
            [
                -9.08009379330823,
                9.195865392363991,
                5.24742551574172
            ],
            [
                -5.169382901229314,
                5.24742551574172,
                7.819087270495327
            ]
        ],
        "covariance_rtn": [
            [
                1.1101176977963023,
                4.688661139254836,
                1.065140174126384
            ],
            [
                4.688661139254837,
                19.855757058788004,
                4.039264869871218
            ],
            [
                1.065140174126384,
                4.039264869871218,
                5.014887356948855
            ]
        ]
    },
    "Satellite 2": {
        "Satellite catalog number": 3749,
        "Satellite name": "SL-8 DEB",
        "position_eci_km": [
            -4203.84968117416,
            -6154.385043794485,
            -970.1692422005406
        ],
        "position_rtn_km": [
            54.735230857224884,
            26.8330961895329,
            9.355162702829084
        ],
        "covariance_position_eci": [
            [
                8.99493491736382,
                -6.488540815867145,
                -5.184153861140881
            ],
            [
                -6.488540815867143,
                9.166465335318957,
                2.643048696822675
            ],
            [
                -5.184153861140879,
                2.6430486968226745,
                7.819361860850388
            ]
        ],
        "covariance_rtn": [
            [
                2.9570847456312843,
                1.683577122845876,
                2.681660784739509
            ],
            [
                1.6835771228458765,
                15.200954546395652,
                5.33573637642896
            ],
            [
                2.6816607847395098,
                5.33573637642896,
                7.82272282150623
            ]
        ]
    },
    "time_utc": "2025-02-16 00:36:00",
    "Pc_percentage": 99.70995313040484
}