{
    "Satellite 1": {
        "Satellite catalog number": 2097,
        "Satellite name": "TRANSIT 5B-1 DEB",
        "position_eci_km": [
            -1802.1706617140085,
            746.3139590312179,
            7123.926865106765
        ],
        "covariance_position_eci": [
            [
                9.087425683055852,
                -3.9093627497237344,
                7.761899175733616
            ],
            [
                -3.909362749723733,
                9.136654690858082,
                -5.230379147769898
            ],
            [
                7.761899175733618,
                -5.2303791477698995,
                7.756681739619237
            ]
        ],
        "covariance_rtn": [
            [
                3.3700620459646218,
                -6.845424590904368,
                1.0800020560981738
            ],
            [
                -6.845424590904367,
                16.228155226063944,
                -3.201585276814943
            ],
            [
                1.080002056098174,
                -3.201585276814943,
                6.382544841504598
            ]
        ]
    },
    "Satellite 2": {
        "Satellite catalog number": 4679,
        "Satellite name": "THORAD AGENA D DEB",
        "position_eci_km": [
            -1803.889880280296,
            777.4980711236502,
            7111.535967256199
        ],
        "position_rtn_km": [
            -8.380608134573222,
            16.2369830949404,
            -28.196891606781023
        ],
        "covariance_position_eci": [
            [
                9.200892419341061,
                6.505851560219335,
                7.080621250325394
            ],
            [
                6.505851560219335,
                9.02061760302899,
                4.408105521208135
            ],
            [
                7.080621250325395,
                4.408105521208135,
                6.7074544403068215
            ]
        ],
        "covariance_rtn": [
            [
                4.105018392875898,
                7.064617453661624,
                0.9843368579394272
            ],
            [
                7.064617453661624,
                16.110096262967925,
                4.14976296187044
            ],
            [
                0.9843368579394266,
                4.14976296187044,
                4.713849806833047
            ]
        ]
    },
    "time_utc": "2025-02-16 01:24:00",
    "Pc_percentage": 0.8875428383790861
}