{
    "Satellite 1": {
        "Satellite catalog number": 2777,
        "Satellite name": "SCOUT A DEB",
        "position_eci_km": [
            -4702.297826841336,
            -5633.356077277934,
            130.31919632382292
        ],
        "covariance_position_eci": [
            [
                8.09331452435372,
                2.9274115124472013,
                2.4056313213768936
            ],
            [
                2.9274115124472013,
                8.160605820465328,
                4.084861224403333
            ],
            [
                2.4056313213768945,
                4.084861224403335,
                6.960677139457405
            ]
        ],
        "covariance_rtn": [
            [
                10.845891159418125,
                -4.74516720752859,
                0.5160236097456389
            ],
            [
                -4.745167207528592,
                7.131994701746164,
                0.7570997257955094
            ],
            [
                0.5160236097456383,
                0.7570997257955092,
                5.236711623112163
            ]
        ]
    },
    "Satellite 2": {
        "Satellite catalog number": 3744,
        "Satellite name": "THOR ABLESTAR DEB",
        "position_eci_km": [
            -4653.3703579048115,
            -5628.655885039524,
            142.5124993654545
        ],
        "position_rtn_km": [
            -34.73971416727307,
            12.722253367379523,
            -34.5826862969034
        ],
        "covariance_position_eci": [
            [
                9.028960751677962,
                -9.111522846309938,
                7.747646319120866
            ],
            [
                -9.111522846309938,
                9.194846891923712,
                -7.81570763271375
            ],
            [
                7.747646319120866,
                -7.81570763271375,
                7.7569544699315
            ]
        ],
        "covariance_rtn": [
            [
                0.2237653836732768,
                1.923454606225656,
                -1.3619682688554455
            ],
            [
                1.923454606225656,
                17.188432879729785,
                -11.280029861733032
            ],
            [
                -1.3619682688554455,
                -11.280029861733032,
                8.568563850130106
            ]
        ]
    },
    "time_utc": "2025-02-16 00:28:00",
    "Pc_percentage": 45.11677452196927
}