{
    "Satellite 1": {
        "Satellite catalog number": 3794,
        "Satellite name": "COSMOS 249 DEB",
        "position_eci_km": [
            -2454.221163130677,
            -2265.6873230985752,
            6373.669881984362
        ],
        "covariance_position_eci": [
            [
                9.007708010796586,
                -6.482123859151963,
                -2.571551384535348
            ],
            [
                -6.482123859151961,
                9.166666717808864,
                5.226476881030965
            ],
            [
                -2.5715513845353484,
                5.2264768810309645,
                7.80638738492772
            ]
        ],
        "covariance_rtn": [
            [
                5.327311396344968,
                -5.251033907229442,
                2.898417637479371
            ],
            [
                -5.251033907229441,
                15.692414965333125,
                -1.8449425897203964
            ],
            [
                2.898417637479372,
                -1.8449425897203964,
                4.961035751855075
            ]
        ]
    },
    "Satellite 2": {
        "Satellite catalog number": 4135,
        "Satellite name": "THORAD AGENA D DEB",
        "position_eci_km": [
            -2475.3972309192327,
            -2223.6701689593747,
            6391.272793901884
        ],
        "position_rtn_km": [
            9.584441354229178,
            -45.87680481974911,
            18.08830728334943
        ],
        "covariance_position_eci": [
            [
                9.003700351194345,
                -9.098951277667785,
                2.5808346217577114
            ],
            [
                -9.098951277667783,
                9.195254275756486,
                -2.5904543651051912
            ],
            [
                2.5808346217577123,
                -2.5904543651051917,
                7.78180748658232
            ]
        ],
        "covariance_rtn": [
            [
                5.976661977977325,
                4.301305861026099,
                0.5283697212605871
            ],
            [
                4.301305861026099,
                13.262892416781463,
                -7.86989521815039
            ],
            [
                0.5283697212605876,
                -7.869895218150389,
                6.741207718774365
            ]
        ]
    },
    "time_utc": "2025-02-16 00:28:00",
    "Pc_percentage": 22.41880166678631
}