{
    "Satellite 1": {
        "Satellite catalog number": 408,
        "position_eci_km": [
            -5913.675767335569,
            896.6994690243313,
            -4336.361284001288
        ],
        "covariance_position_eci": [
            [
                4290.992177788341,
                4240.084015182241,
                -8097.6674909796
            ],
            [
                4240.084015182227,
                4194.37695732925,
                -8011.10055109503
            ],
            [
                -8097.6674909796575,
                -8011.100551095092,
                15303.35248027154
            ]
        ],
        "covariance_rtn": [
            [
                791.9038881631556,
                -4253.956764564025,
                -1.3572553916139605
            ],
            [
                -4253.956764563974,
                22996.413130990204,
                7.308511990118794
            ],
            [
                -1.3572553916157952,
                7.308511990182237,
                0.4045962357667059
            ]
        ]
    },
    "Satellite 2": {
        "Satellite catalog number": 956,
        "position_eci_km": [
            -5944.905424678806,
            848.4879767576151,
            -4302.82936995331
        ],
        "position_rtn_km": [
            7387.2694007969385,
            61.33557828600897,
            -25.723314251963302
        ],
        "covariance_position_eci": [
            [
                115646.9751989643,
                -16335.50278367038,
                -170517.42928104888
            ],
            [
                -16335.502783670378,
                2307.8034753826632,
                24086.20216893861
            ],
            [
                -170517.42928104903,
                24086.20216893864,
                251423.168328288
            ]
        ],
        "covariance_rtn": [
            [
                166.06442261726517,
                -7821.555602691081,
                -0.06363649473509102
            ],
            [
                -7821.555602690904,
                369211.5278420182,
                3.01674511048721
            ],
            [
                -0.0636364947323484,
                3.0167451104851355,
                0.35473799964789937
            ]
        ]
    },
    "time_utc": "2025-02-15 20:00:00",
    "Pc_percentage": 1.482968856954449e-07
}