{
    "Satellite 1": {
        "Satellite catalog number": 4145,
        "Satellite name": "THORAD AGENA D DEB",
        "position_eci_km": [
            -3030.1054837840156,
            5484.041037387087,
            -3680.429087729364
        ],
        "covariance_position_eci": [
            [
                9.024274507130572,
                -3.877933636251359,
                -5.15512981627579
            ],
            [
                -3.87793363625136,
                9.137672966683656,
                7.832754131975494
            ],
            [
                -5.1551298162757915,
                7.832754131975491,
                7.818814639718941
            ]
        ],
        "covariance_rtn": [
            [
                3.0546889487040607,
                6.5617474820282435,
                1.316347979849688
            ],
            [
                6.561747482028244,
                16.585455629309646,
                2.98408295957173
            ],
            [
                1.3163479798496882,
                2.984082959571731,
                6.3406175355194545
            ]
        ]
    },
    "Satellite 2": {
        "Satellite catalog number": 4776,
        "Satellite name": "THORAD AGENA D DEB",
        "position_eci_km": [
            -3034.178276643175,
            5492.382575272892,
            -3671.464420042048
        ],
        "position_rtn_km": [
            3.453183278028061,
            11.238612519724477,
            5.320082386371038
        ],
        "covariance_position_eci": [
            [
                9.053400090039686,
                -1.2863806871259542,
                -5.1699008083779425
            ],
            [
                -1.2863806871259538,
                9.108272824768003,
                5.228377271213403
            ],
            [
                -5.1699008083779425,
                5.228377271213404,
                7.819089198725481
            ]
        ],
        "covariance_rtn": [
            [
                3.412125165458935,
                -4.318124817037691,
                -1.3324947743954734
            ],
            [
                -4.318124817037691,
                15.134449846256697,
                -0.5895775279538923
            ],
            [
                -1.3324947743954736,
                -0.589577527953894,
                7.434187101817537
            ]
        ]
    },
    "time_utc": "2025-02-16 00:32:00",
    "Pc_percentage": 98.3829617778585
}