{
    "Satellite 1": {
        "Satellite catalog number": 4712,
        "Satellite name": "COSMOS 375 DEB",
        "position_eci_km": [
            5844.633746533818,
            3326.8057313544864,
            -3041.124791960697
        ],
        "covariance_position_eci": [
            [
                9.049606544950315,
                -3.8841538828788105,
                0.02628005253431872
            ],
            [
                -3.884153882878811,
                9.137467951139762,
                5.205528315700195
            ],
            [
                0.026280052534319674,
                5.205528315700194,
                7.793687617443083
            ]
        ],
        "covariance_rtn": [
            [
                4.130821802553133,
                -1.002007499255844,
                3.615044706679459
            ],
            [
                -1.002007499255844,
                13.02799904865446,
                -2.977899416381915
            ],
            [
                3.615044706679459,
                -2.9778994163819155,
                8.821941262325565
            ]
        ]
    },
    "Satellite 2": {
        "Satellite catalog number": 5683,
        "Satellite name": "COSMOS 465",
        "position_eci_km": [
            5828.482716846738,
            3317.614140109957,
            -3036.138026986077
        ],
        "position_rtn_km": [
            -18.987286752868794,
            -2.694582900294217,
            -1.5591982649186789
        ],
        "covariance_position_eci": [
            [
                7.864071778263683,
                2.5854317997509764,
                6.4326224876611375
            ],
            [
                2.5854317997509764,
                7.821197315623216,
                4.058153223178168
            ],
            [
                6.432622487661138,
                4.058153223178167,
                7.208045933247123
            ]
        ],
        "covariance_rtn": [
            [
                3.8794573497298255,
                6.123173392209251,
                0.8345522508006794
            ],
            [
                6.12317339220925,
                13.189120877664076,
                1.5368727507225963
            ],
            [
                0.8345522508006796,
                1.536872750722596,
                5.824736799740119
            ]
        ]
    },
    "time_utc": "2025-02-16 00:00:00",
    "Pc_percentage": 35.270379455213536
}