{
    "Satellite 1": {
        "Satellite catalog number": 4856,
        "Satellite name": "THORAD AGENA D DEB",
        "position_eci_km": [
            700.5637780278249,
            -2849.214790394616,
            -6520.289813823706
        ],
        "covariance_position_eci": [
            [
                9.062022291886844,
                -3.9094939284506647,
                2.565890800029018
            ],
            [
                -3.9094939284506647,
                9.136657080199,
                -5.201180675429907
            ],
            [
                2.5658908000290177,
                -5.201180675429906,
                7.7820827414473195
            ]
        ],
        "covariance_rtn": [
            [
                4.076087391889214,
                2.223916082584712,
                1.321465679914732
            ],
            [
                2.223916082584712,
                16.13632652211345,
                0.416226154422308
            ],
            [
                1.321465679914732,
                0.416226154422308,
                5.768348199530502
            ]
        ]
    },
    "Satellite 2": {
        "Satellite catalog number": 5746,
        "Satellite name": "THOR ABLESTAR DEB",
        "position_eci_km": [
            686.365768762251,
            -2866.852918928164,
            -6572.5133119891425
        ],
        "position_rtn_km": [
            53.26135799696693,
            15.59284735319815,
            -12.651942998820799
        ],
        "covariance_position_eci": [
            [
                9.162600621756177,
                3.909690442588674,
                5.221770732325362
            ],
            [
                3.909690442588674,
                9.049872949697763,
                5.157281487947154
            ],
            [
                5.2217707323253615,
                5.157281487947154,
                7.768288542079219
            ]
        ],
        "covariance_rtn": [
            [
                10.525055671527884,
                -6.577686746414083,
                3.646316425946354
            ],
            [
                -6.577686746414084,
                10.484891750060408,
                -1.7259890751310667
            ],
            [
                3.6463164259463534,
                -1.7259890751310671,
                4.970814691944868
            ]
        ]
    },
    "time_utc": "2025-02-16 02:16:00",
    "Pc_percentage": 0.00012383685178224478
}