{
    "Satellite 1": {
        "Satellite catalog number": 4914,
        "Satellite name": "THORAD AGENA D DEB",
        "position_eci_km": [
            1254.5817596768873,
            -1224.485450806957,
            7130.779550165864
        ],
        "covariance_position_eci": [
            [
                9.108559151590391,
                2.4878643051144342,
                -2.6080837014254588
            ],
            [
                2.487864305114435,
                7.77376704792857,
                -1.1907113709342974
            ],
            [
                -2.6080837014254583,
                -1.1907113709342971,
                7.807063978991165
            ]
        ],
        "covariance_rtn": [
            [
                7.2225772187725,
                2.6393913947025633,
                0.8403174831822937
            ],
            [
                2.639391394702564,
                9.950293924263578,
                2.252688143856009
            ],
            [
                0.8403174831822936,
                2.25268814385601,
                7.516519035474053
            ]
        ]
    },
    "Satellite 2": {
        "Satellite catalog number": 5692,
        "Satellite name": "THORAD AGENA D DEB",
        "position_eci_km": [
            1242.114046733847,
            -1170.241561101143,
            7166.703509456394
        ],
        "position_rtn_km": [
            23.70971780369389,
            18.626647651863312,
            -58.98535043955245
        ],
        "covariance_position_eci": [
            [
                7.79680466852732,
                0.1106178167534586,
                -1.1873862838601184
            ],
            [
                0.1106178167534586,
                9.092338421683237,
                2.6044761922857305
            ],
            [
                -1.1873862838601186,
                2.6044761922857305,
                7.799830636585578
            ]
        ],
        "covariance_rtn": [
            [
                6.632006801062373,
                -2.2162951507537954,
                -0.9928395252385364
            ],
            [
                -2.2162951507537954,
                9.8862456310303,
                0.4645072787113434
            ],
            [
                -0.9928395252385362,
                0.4645072787113434,
                8.17072129470346
            ]
        ]
    },
    "time_utc": "2025-02-16 01:44:00",
    "Pc_percentage": 8.639690019569436
}