{
    "Satellite 1": {
        "Satellite catalog number": 5349,
        "Satellite name": "THORAD AGENA D DEB",
        "position_eci_km": [
            -3655.8003270943464,
            -5195.812214218082,
            -3450.5020895576977
        ],
        "covariance_position_eci": [
            [
                9.111437175470442,
                3.877671062319351,
                -5.243237960792988
            ],
            [
                3.877671062319351,
                9.048864754660253,
                -7.774458418663016
            ],
            [
                -5.243237960792986,
                -7.774458418663016,
                7.820460183402469
            ]
        ],
        "covariance_rtn": [
            [
                3.7392162647691927,
                7.268583419515037,
                -0.1328834654351396
            ],
            [
                7.268583419515037,
                16.56120858744537,
                -1.6997756561406825
            ],
            [
                -0.1328834654351389,
                -1.6997756561406812,
                5.6803372613186
            ]
        ]
    },
    "Satellite 2": {
        "Satellite catalog number": 5531,
        "Satellite name": "COSMOS 397 DEB *",
        "position_eci_km": [
            -3627.776176297049,
            -5168.246126161341,
            -3407.760099480521
        ],
        "position_rtn_km": [
            -54.3819203698084,
            17.392574727068183,
            -10.593631845325348
        ],
        "covariance_position_eci": [
            [
                9.124210083229096,
                3.884088029627545,
                -2.6306353635314457
            ],
            [
                3.884088029627546,
                9.049066283298373,
                -5.191030321254141
            ],
            [
                -2.6306353635314426,
                -5.191030321254142,
                7.807485747005699
            ]
        ],
        "covariance_rtn": [
            [
                6.802263666641228,
                -5.375162096108989,
                0.9212322307696412
            ],
            [
                -5.375162096108988,
                11.997446998434867,
                -3.372009924284062
            ],
            [
                0.9212322307696412,
                -3.372009924284062,
                7.181051448457066
            ]
        ]
    },
    "time_utc": "2025-02-16 01:52:00",
    "Pc_percentage": 99.99999999992369
}