{
    "Satellite 1": {
        "Satellite catalog number": 53,
        "position_eci_km": [
            -2864.955063802548,
            -6741.327847391383,
            -3316.101739050343
        ],
        "covariance_position_eci": [
            [
                1157910.4505205862,
                -15871.527553306749,
                -861578.197311371
            ],
            [
                -15871.527553306787,
                219.92094334621882,
                11811.33492037096
            ],
            [
                -861578.197311371,
                11811.334920370964,
                641085.1113245398
            ]
        ]
    },
    "Satellite 2": {
        "Satellite catalog number": 54,
        "position_eci_km": [
            -2864.955062802548,
            -6741.327846391383,
            -3316.101739150343
        ],
        "covariance_position_eci": [
            [
                1158918.5824366887,
                -16431.31388945218,
                -861264.8149476638
            ],
            [
                -16431.31388945222,
                235.335586878765,
                12212.78183802026
            ],
            [
                -861264.8149476637,
                12212.781838020253,
                640061.5647649044
            ]
        ]
    },
    "time_utc": "2025-02-15 20:00:00",
    "Pc_percentage": 6.2366661478220236
}