{
    "Satellite 1": {
        "Satellite catalog number": 559,
        "Satellite name": "THOR ABLESTAR DEB",
        "position_eci_km": [
            6106.894462480206,
            3477.3933105536394,
            162.54806050600885
        ],
        "covariance_position_eci": [
            [
                9.045598575142817,
                -6.500981274952064,
                5.178666122802019
            ],
            [
                -6.500981274952062,
                9.166055825878905,
                -2.6114030393805296
            ],
            [
                5.178666122802018,
                -2.611403039380527,
                7.769107712511444
            ]
        ],
        "covariance_rtn": [
            [
                3.634888732025237,
                -4.374795290591455,
                -1.782200778121432
            ],
            [
                -4.374795290591454,
                12.218200192727467,
                5.8439394607256325
            ],
            [
                -1.782200778121431,
                5.843939460725634,
                10.12767318878046
            ]
        ]
    },
    "Satellite 2": {
        "Satellite catalog number": 5599,
        "Satellite name": "OV1-5 DEB",
        "position_eci_km": [
            6095.153948638838,
            3496.2374344682335,
            227.63362735612307
        ],
        "position_rtn_km": [
            0.6273461609953015,
            -50.87631401621808,
            46.26314723930993
        ],
        "covariance_position_eci": [
            [
                7.803529212723708,
                -4.90299448101972,
                -1.1237867783022004
            ],
            [
                -4.90299448101972,
                8.93845522136396,
                4.515262009014668
            ],
            [
                -1.1237867783022,
                4.51526200901467,
                6.8308662038846215
            ]
        ],
        "covariance_rtn": [
            [
                3.9376702862323456,
                0.7077352937222826,
                -2.1789253946682927
            ],
            [
                0.7077352937222825,
                15.1124013136922,
                -1.4122335186578994
            ],
            [
                -2.1789253946682936,
                -1.4122335186578991,
                4.5227790380477435
            ]
        ]
    },
    "time_utc": "2025-02-16 01:00:00",
    "Pc_percentage": 99.99999999996298
}