{
    "Satellite 1": {
        "Satellite catalog number": 560,
        "Satellite name": "THOR ABLESTAR DEB",
        "position_eci_km": [
            -2564.0603287383237,
            -1425.3311097935036,
            -6599.994506068383
        ],
        "covariance_position_eci": [
            [
                7.771364538038356,
                -2.601287099203721,
                1.288644616667722
            ],
            [
                -2.6012870992037205,
                7.825570680046503,
                -1.2994951267686048
            ],
            [
                1.2886446166677212,
                -1.2994951267686046,
                6.48910447290077
            ]
        ],
        "covariance_rtn": [
            [
                6.705672330385847,
                -2.0775678601464205,
                0.5852308461197965
            ],
            [
                -2.077567860146421,
                9.396922579189187,
                -1.6713379063345222
            ],
            [
                0.585230846119797,
                -1.6713379063345222,
                5.983444781410592
            ]
        ]
    },
    "Satellite 2": {
        "Satellite catalog number": 4822,
        "Satellite name": "THORAD AGENA D DEB",
        "position_eci_km": [
            -2534.573371811709,
            -1433.7897444991795,
            -6619.441080477187
        ],
        "position_rtn_km": [
            8.971469207714383,
            13.281007035786082,
            -32.59334254849717
        ],
        "covariance_position_eci": [
            [
                9.11143715443388,
                3.877671041790576,
                -5.24323797884985
            ],
            [
                3.8776710417905753,
                9.048864765322735,
                -7.774458417628521
            ],
            [
                -5.24323797884985,
                -7.774458417628521,
                7.820460193776555
            ]
        ],
        "covariance_rtn": [
            [
                2.380213966467707,
                -2.408847929320335,
                4.3843729671279865
            ],
            [
                -2.408847929320334,
                13.302412550324537,
                -6.829284579038678
            ],
            [
                4.384372967127987,
                -6.829284579038678,
                10.298135596740922
            ]
        ]
    },
    "time_utc": "2025-02-16 02:00:00",
    "Pc_percentage": 99.99999997765183
}