{
    "Satellite 1": {
        "Satellite catalog number": 812,
        "Satellite name": "OPS 4467 A",
        "position_eci_km": [
            610.405994103573,
            1083.851395566609,
            7071.18182753018
        ],
        "covariance_position_eci": [
            [
                9.007564772174677,
                -6.494826663396345,
                -2.6007479981555406
            ],
            [
                -6.494826663396346,
                9.16626211386535,
                0.030422144672303156
            ],
            [
                -2.600747998155541,
                0.030422144672303204,
                7.806935227493134
            ]
        ],
        "covariance_rtn": [
            [
                7.2533937499068735,
                -2.528177870433642,
                -2.2981492036563593
            ],
            [
                -2.5281778704336415,
                15.246564828272229,
                -1.3168524178390986
            ],
            [
                -2.2981492036563593,
                -1.3168524178391,
                3.480803535354059
            ]
        ]
    },
    "Satellite 2": {
        "Satellite catalog number": 5557,
        "Satellite name": "OPS 4311 (DMSP 5B F1)",
        "position_eci_km": [
            602.36652902265,
            1085.3077658167972,
            7091.317415829956
        ],
        "position_rtn_km": [
            19.36744032778497,
            -6.723874112754967,
            -7.203311831137065
        ],
        "covariance_position_eci": [
            [
                9.023273963586945,
                -6.50264774075919,
                0.6112502343502141
            ],
            [
                -6.502647740759193,
                9.166008671626264,
                -3.2203154926281
            ],
            [
                0.6112502343502134,
                -3.220315492628101,
                6.83237321135858
            ]
        ],
        "covariance_rtn": [
            [
                5.881038798856577,
                2.4752425485062792,
                -2.124558771301293
            ],
            [
                2.4752425485062792,
                15.796221813306136,
                0.8944586928449432
            ],
            [
                -2.124558771301292,
                0.8944586928449423,
                3.344395234409081
            ]
        ]
    },
    "time_utc": "2025-02-16 01:56:00",
    "Pc_percentage": 0.00010519027892618735
}