{
    "Satellite 1": {
        "Satellite catalog number": 900,
        "Satellite name": "CALSPHERE 1",
        "position_eci_km": [
            1003.0533492455706,
            1843.753818356973,
            -7044.880923619735
        ],
        "covariance_position_eci": [
            [
                7.830932288670577,
                2.609349179491766,
                1.3150806867445997
            ],
            [
                2.609349179491766,
                7.768697113525017,
                3.878933698363805
            ],
            [
                1.3150806867445988,
                3.8789336983638045,
                6.49421537440563
            ]
        ],
        "covariance_rtn": [
            [
                4.569122377317801,
                -2.403424985668714,
                1.1300130013670973
            ],
            [
                -2.4034249856687135,
                11.943663207083056,
                1.0574896594203091
            ],
            [
                1.130013001367097,
                1.0574896594203096,
                5.58105919220037
            ]
        ]
    },
    "Satellite 2": {
        "Satellite catalog number": 4948,
        "Satellite name": "THORAD AGENA D DEB",
        "position_eci_km": [
            1035.6185532967668,
            1865.3056090999996,
            -6999.001719390399
        ],
        "position_rtn_km": [
            -34.11994783223555,
            46.515637627368505,
            17.378095289451498
        ],
        "covariance_position_eci": [
            [
                7.848119173632789,
                -5.5935660941710985,
                -4.069935741484387
            ],
            [
                -5.593566094171099,
                9.156922766994514,
                7.1809640175524105
            ],
            [
                -4.069935741484387,
                7.180964017552408,
                6.838963881285777
            ]
        ],
        "covariance_rtn": [
            [
                4.206023448411129,
                6.776142697003446,
                -2.3490291140679687
            ],
            [
                6.776142697003447,
                13.630900610085934,
                -4.929788558098196
            ],
            [
                -2.3490291140679687,
                -4.929788558098196,
                6.00708176341602
            ]
        ]
    },
    "time_utc": "2025-02-16 00:48:00",
    "Pc_percentage": 2.5395886214656273e-07
}