{
    "Satellite 1": {
        "Satellite catalog number": 979,
        "Satellite name": "DELTA 1 R/B",
        "position_eci_km": [
            1840.4435024368136,
            -3063.9464316662097,
            -6120.668374425235
        ],
        "covariance_position_eci": [
            [
                9.062022270641513,
                -3.9094939289588697,
                2.565890786487217
            ],
            [
                -3.909493928958871,
                9.136657095971627,
                -5.201180682288681
            ],
            [
                2.565890786487218,
                -5.20118068228868,
                7.782082746920029
            ]
        ],
        "covariance_rtn": [
            [
                3.965327780781943,
                0.4382812932558105,
                1.4591849565004698
            ],
            [
                0.43828129325581183,
                16.4161699747343,
                1.181345661108952
            ],
            [
                1.4591849565004695,
                1.1813456611089526,
                5.599264358016918
            ]
        ]
    },
    "Satellite 2": {
        "Satellite catalog number": 4178,
        "Satellite name": "THORAD AGENA D DEB",
        "position_eci_km": [
            1843.840325517226,
            -3089.8167305277857,
            -6095.417243015507
        ],
        "position_rtn_km": [
            -9.740182918075503,
            -30.186005287440203,
            -17.67383176357942
        ],
        "covariance_position_eci": [
            [
                9.111508548639478,
                3.8840224351728994,
                -5.228639593028674
            ],
            [
                3.8840224351728985,
                9.04906727354328,
                -5.176430974817784
            ],
            [
                -5.228639593028675,
                -5.176430974817785,
                7.820186291350405
            ]
        ],
        "covariance_rtn": [
            [
                5.712693887244227,
                4.854713057244126,
                2.648180684568984
            ],
            [
                4.854713057244125,
                15.086771943555611,
                2.850123689571895
            ],
            [
                2.648180684568984,
                2.850123689571895,
                5.181296282733321
            ]
        ]
    },
    "time_utc": "2025-02-16 02:24:00",
    "Pc_percentage": 0.3345854868928045
}